"","ID","LOW","AGE","LWT","RACE","SMOKE","PTL","HT","UI","FTV","BWT"
"120",216,0,16,95,3,0,0,0,0,1,3997
"156",37,1,17,130,3,1,1,0,1,0,2125
"77",169,0,25,140,1,0,0,0,0,1,3416
"140",20,1,21,165,1,1,0,1,0,1,1790
"124",220,0,22,129,1,0,0,0,0,0,4111
"170",57,1,15,110,1,0,0,0,0,0,2353
"164",49,1,18,148,3,0,0,0,0,0,2282
"85",179,0,23,123,3,0,0,0,0,0,3544
"20",105,0,28,120,1,1,0,0,0,1,2821
"84",177,0,20,127,3,0,0,0,0,0,3487
"92",186,0,21,134,3,0,0,0,0,2,3629
"173",61,1,24,105,2,1,0,0,0,0,2381
"18",103,0,25,118,1,1,0,0,0,3,2782
"153",34,1,19,112,1,1,0,0,1,0,2084
"183",77,1,26,190,1,1,0,0,0,0,2466
"165",50,1,18,110,2,1,1,0,0,0,2296
"167",52,1,21,100,3,0,1,0,0,4,2301
"106",202,0,25,241,2,0,0,1,0,0,3790
"100",195,0,30,137,1,0,0,0,0,1,3699
"4",88,0,21,108,1,1,0,0,1,2,2594
"81",174,0,22,131,1,0,0,0,0,1,3460
"25",111,0,25,120,3,0,0,0,1,2,2877
"58",145,0,30,153,3,0,0,0,0,0,3203
"69",160,0,20,141,1,0,2,0,1,1,3317
"79",172,0,20,121,2,1,0,0,0,0,3444
"109",205,0,18,120,1,1,0,0,0,2,3856
"105",201,0,20,120,3,0,0,0,0,0,3770
"7",92,0,22,118,1,0,0,0,0,1,2637
"72",163,0,31,150,3,1,0,0,0,2,3321
"102",197,0,19,184,1,1,0,1,0,0,3756
"157",40,1,20,120,2,1,0,0,0,3,2126
"3",87,0,20,105,1,1,0,0,0,1,2557
"177",67,1,22,130,1,1,0,0,0,1,2410
"50",137,0,22,85,3,1,0,0,0,0,3090
"134",13,1,25,105,3,0,1,1,0,0,1330
"185",79,1,28,95,1,1,0,0,0,2,2466
"51",138,0,22,120,1,0,0,1,0,1,3100
"115",211,0,20,170,1,1,0,0,0,0,3940
"189",84,1,21,130,1,1,0,1,0,3,2495
"90",184,0,22,125,1,0,0,0,0,1,3614
"23",108,0,36,202,1,0,0,0,0,1,2836
"151",32,1,25,89,3,0,2,0,0,1,2055
"117",213,0,14,135,1,0,0,0,0,0,3941
"133",11,1,34,187,2,1,0,1,0,0,1135
"110",206,0,16,170,2,0,0,0,0,4,3860
"15",100,0,18,100,1,1,0,0,0,0,2769
"122",218,0,26,160,3,0,0,0,0,0,4054
"162",46,1,25,105,3,0,1,0,0,1,2240
"123",219,0,21,115,1,0,0,0,0,1,4054
"59",146,0,20,103,3,0,0,0,0,0,3203
"78",170,0,32,134,1,1,1,0,0,4,3430
"137",17,1,23,97,3,0,0,0,1,1,1588
"141",22,1,32,105,1,1,0,0,0,0,1818
"171",59,1,23,187,2,1,0,0,0,1,2367
"87",181,0,19,105,3,0,0,0,0,0,3572
"40",127,0,33,109,1,1,0,0,0,1,3033
"33",119,0,35,121,2,1,1,0,0,1,2948
"8",93,0,17,103,3,0,0,0,0,1,2637
"32",118,0,24,90,1,1,1,0,0,1,2948
"29",115,0,26,168,2,1,0,0,0,0,2920
"130",226,0,45,123,1,0,0,0,0,1,4990
"61",148,0,17,119,3,0,0,0,0,0,3225
"24",109,0,28,120,3,0,0,0,0,0,2863
"70",161,0,22,158,2,0,1,0,0,2,3317
"86",180,0,17,120,3,1,0,0,0,0,3572
"111",207,0,32,186,1,0,0,0,0,2,3860
"71",162,0,22,112,1,1,2,0,0,0,3317
"132",10,1,29,130,1,0,0,0,1,2,1021
"112",208,0,18,120,3,0,0,0,0,1,3884
"98",192,0,19,147,1,1,0,0,0,0,3651
"34",120,0,25,155,1,0,0,0,0,1,2977
"174",62,1,15,115,3,0,0,0,1,0,2381
"138",18,1,24,128,2,0,1,0,0,1,1701
"107",203,0,30,112,1,0,0,0,0,1,3799
"74",166,0,16,112,2,0,0,0,0,0,3374
"169",56,1,31,102,1,1,1,0,0,1,2353
"175",63,1,23,120,3,0,0,0,0,0,2395
"63",150,0,24,110,3,0,0,0,0,0,3232
"10",95,0,26,113,1,1,0,0,0,0,2665
"179",69,1,23,110,1,1,1,0,0,0,2424
"184",78,1,14,101,3,1,1,0,0,0,2466
"49",136,0,24,115,1,0,0,0,0,2,3090
"163",47,1,20,109,3,0,0,0,0,0,2240
"65",154,0,26,133,3,1,2,0,0,0,3260
"155",36,1,24,138,1,0,0,0,0,0,2100
"97",191,0,29,154,1,0,0,0,0,1,3651
"142",23,1,19,91,1,1,2,0,1,0,1885
"180",71,1,17,120,2,0,0,0,0,2,2438
"9",94,0,29,123,1,1,0,0,0,1,2663
"27",113,0,17,122,1,1,0,0,0,0,2906
"73",164,0,23,115,3,1,0,0,0,1,3331
"16",101,0,18,100,1,1,0,0,0,0,2769
"181",75,1,26,154,3,0,1,1,0,1,2442
"60",147,0,17,119,3,0,0,0,0,0,3225
"160",44,1,20,80,3,1,0,0,1,0,2211
"35",121,0,25,125,2,0,0,0,0,0,2977
"143",24,1,25,115,3,0,0,0,0,0,1893
"101",196,0,24,110,1,0,0,0,0,1,3728
"82",175,0,32,170,1,0,0,0,0,0,3473
"121",217,0,20,158,1,0,0,0,0,1,3997
"135",15,1,25,85,3,0,0,0,1,0,1474
"17",102,0,15,98,2,0,0,0,0,0,2778
"52",139,0,23,128,3,0,0,0,0,0,3104
"127",223,0,35,170,1,0,1,0,0,1,4174
"145",26,1,25,92,1,1,0,0,0,0,1928
"57",144,0,21,110,3,1,0,0,1,0,3203
"144",25,1,16,130,3,0,0,0,0,1,1899
"108",204,0,22,169,1,0,0,0,0,0,3827
"11",96,0,19,95,3,0,0,0,0,0,2722
"1",85,0,19,182,2,0,0,0,1,0,2523
"19",104,0,20,120,3,0,0,0,1,0,2807
"99",193,0,19,147,1,1,0,0,0,0,3651
"47",134,0,32,132,1,0,0,0,0,4,3080
"55",142,0,19,115,3,0,0,0,0,0,3175
"119",215,0,25,120,1,0,0,0,0,2,3983
"159",43,1,27,130,2,0,0,0,1,0,2187
"42",129,0,19,189,1,0,0,0,0,2,3062
"64",151,0,28,140,1,0,0,0,0,0,3234
"26",112,0,28,167,1,0,0,0,0,0,2877
"93",187,0,19,235,1,1,0,1,0,0,3629
"161",45,1,17,110,1,1,0,0,0,0,2225
"44",131,0,21,160,1,0,0,0,0,0,3062
"62",149,0,23,119,3,0,0,0,0,2,3232
"186",81,1,14,100,3,0,0,0,0,2,2495
"2",86,0,33,155,3,0,0,0,0,3,2551
"116",212,0,28,134,3,0,0,0,0,1,3941
"39",126,0,31,215,1,1,0,0,0,2,3005
"182",76,1,20,105,3,0,0,0,0,3,2450
"67",156,0,24,115,3,0,0,0,0,2,3274
"12",97,0,19,150,3,0,0,0,0,1,2733
"96",190,0,29,135,1,0,0,0,0,1,3651
"168",54,1,26,96,3,0,0,0,0,0,2325
"126",222,0,31,120,1,0,0,0,0,2,4167
"36",123,0,29,140,1,1,0,0,0,2,2977
"150",31,1,20,125,3,0,0,0,1,0,2055
"158",42,1,22,130,1,1,1,0,1,1,2187
"166",51,1,20,121,1,1,1,0,1,0,2296
"113",209,0,29,130,1,1,0,0,0,2,3884
"147",28,1,21,200,2,0,0,0,1,2,1928
"30",116,0,17,113,2,0,0,0,0,1,2920
"6",91,0,21,124,3,0,0,0,0,0,2622
"104",200,0,23,110,1,0,0,0,0,1,3770
"114",210,0,33,117,1,0,0,0,1,1,3912
"14",99,0,30,107,3,0,1,0,1,2,2750
"178",68,1,17,120,1,1,0,0,0,3,2414
"28",114,0,29,150,1,0,0,0,0,2,2920
"22",107,0,31,100,1,0,0,0,1,3,2835
"21",106,0,32,121,3,0,0,0,0,2,2835
"128",224,0,19,120,1,1,0,0,0,0,4238
"176",65,1,30,142,1,1,1,0,0,0,2410
"91",185,0,24,133,1,0,0,0,0,0,3614
